Feature,Importance
RSI,0.10326878749364996
Volatility,0.0985812725155375
Returns,0.09154696762502626
Lower_Band,0.08707379177328864
MACD,0.08293422939311394
Signal_Line,0.08278600204187443
Upper_Band,0.08225185779302426
EMA_10,0.0792523696423987
SMA_10,0.07656311202546598
EMA_20,0.07274191601505893
Middle_Band,0.07262036080776932
SMA_20,0.070379332873792
